{"count":1,"self":125.50175999999999,"total":484.31668299999995,"children":{"InitializeActuators":{"count":16,"self":0.00081699999999999991,"total":0.00081699999999999991,"children":null},"InitializeSensors":{"count":16,"self":0.00064799999999999992,"total":0.00064799999999999992,"children":null},"AgentSendState":{"count":149234,"self":1.769556,"total":6.695002,"children":{"CollectObservations":{"count":477552,"self":0.67052099999999992,"total":0.67052099999999992,"children":null},"WriteActionMask":{"count":477552,"self":0.26933,"total":0.26933,"children":null},"RequestDecision":{"count":477552,"self":1.310551,"total":3.985595,"children":{"AgentInfo.ToProto":{"count":477552,"self":1.093578,"total":2.6750439999999998,"children":{"GenerateSensorData":{"count":477552,"self":1.581466,"total":1.581466,"children":null}}}}}}},"DecideAction":{"count":149234,"self":341.65504,"total":341.655031,"children":null},"AgentAct":{"count":149234,"self":9.3061528,"total":9.306322,"children":{"AgentInfo.ToProto":{"count":15,"self":5.9999999999999995E-05,"total":0.000169,"children":{"GenerateSensorData":{"count":15,"self":0.00010899999999999999,"total":0.00010899999999999999,"children":null}}}}},"AgentInfo.ToProto":{"count":71651,"self":0.45725699999999997,"total":1.1568159999999998,"children":{"GenerateSensorData":{"count":71651,"self":0.69955899999999993,"total":0.69955899999999993,"children":null}}}},"gauges":{"MoveToGoal.CumulativeReward":{"count":71666,"max":2,"min":-2,"runningAverage":0.877977252,"value":1,"weightedAverage":0.9999995}},"metadata":{"timer_format_version":"0.1.0","start_time_seconds":"1721697085","unity_version":"2021.3.39f1c1","command_line_arguments":"\/Applications\/Unity\/Hub\/Editor\/2021.3.39f1c1\/Unity.app\/Contents\/MacOS\/Unity -projectpath \/Users\/acciomac\/Documents\/unity\/ml_final -useHub -hubIPC -cloudEnvironment production -licensingIpc LicenseClient-acciomac -hubSessionId ece3f4e0-4884-11ef-8db2-4f8492a2f766 -accessToken 0QYw4_Bg2a2vJU7FMCjt0vmQAJdEGMv8UedZr4obySE01ef","communication_protocol_version":"1.5.0","com.unity.ml-agents_version":"2.0.1","scene_name":"SampleScene","end_time_seconds":"1721697569"}}